INSERT INTO Item (Id, Description, Value, Stock, Type) VALUES (1, "Children's Bicycle", 156.13, 100, "FinishedProduct");
INSERT INTO Item (Id, Description, Value, Stock, Type) VALUES (2, "Ladies Bicycle", 163.33, 100, "FinishedProduct");
INSERT INTO Item (Id, Description, Value, Stock, Type) VALUES (3, "Men's Bicycle", 165.08, 100, "FinishedProduct");
INSERT INTO Item (Id, Description, Value, Stock, Type) VALUES (4, "Rear wheel group", 40.85, 100, "UnfinishedProduct");
INSERT INTO Item (Id, Description, Value, Stock, Type) VALUES (5, "Rear wheel group", 39.85, 100, "UnfinishedProduct");
INSERT INTO Item (Id, Description, Value, Stock, Type) VALUES (6, "Rear wheel group", 40.85, 100, "UnfinishedProduct");
INSERT INTO Item (Id, Description, Value, Stock, Type) VALUES (7, "Front wheel group", 35.85, 100, "UnfinishedProduct");
INSERT INTO Item (Id, Description, Value, Stock, Type) VALUES (8, "Front wheel group", 35.85, 100, "UnfinishedProduct");
INSERT INTO Item (Id, Description, Value, Stock, Type) VALUES (9, "Front wheel group", 35.85, 100, "UnfinishedProduct");
INSERT INTO Item (Id, Description, Value, Stock, Type) VALUES (10, "Mudguard rear", 12.4, 100, "UnfinishedProduct");
INSERT INTO Item (Id, Description, Value, Stock, Type) VALUES (11, "Mudguard rear", 14.65, 100, "UnfinishedProduct");
INSERT INTO Item (Id, Description, Value, Stock, Type) VALUES (12, "Mudguard rear", 14.65, 100, "UnfinishedProduct");
INSERT INTO Item (Id, Description, Value, Stock, Type) VALUES (13, "Mudguard front", 12.4, 100, "UnfinishedProduct");
INSERT INTO Item (Id, Description, Value, Stock, Type) VALUES (14, "Mudguard front", 14.65, 100, "UnfinishedProduct");
INSERT INTO Item (Id, Description, Value, Stock, Type) VALUES (15, "Mudguard front", 14.65, 100, "UnfinishedProduct");
INSERT INTO Item (Id, Description, Value, Stock, Type) VALUES (16, "Handle complete", 7.02, 300, "UnfinishedProduct");
INSERT INTO Item (Id, Description, Value, Stock, Type) VALUES (17, "Saddle complete", 1.16, 300, "UnfinishedProduct");
INSERT INTO Item (Id, Description, Value, Stock, Type) VALUES (18, "Frame", 13.15, 100, "UnfinishedProduct");
INSERT INTO Item (Id, Description, Value, Stock, Type) VALUES (19, "Frame", 14.35, 100, "UnfinishedProduct");
INSERT INTO Item (Id, Description, Value, Stock, Type) VALUES (20, "Frame", 15.55, 100, "UnfinishedProduct");
INSERT INTO Item (Id, Description, Value, Stock, Type, DiscountQuantity, OrderCosts, ProcureLeadTime, ProcureLeadTimeDeviation) VALUES (21, "Chain", 5, 300, "ProcuredItem", 0, 50, 1.8, 0.4);
INSERT INTO Item (Id, Description, Value, Stock, Type, DiscountQuantity, OrderCosts, ProcureLeadTime, ProcureLeadTimeDeviation) VALUES (22, "Chain", 6.5, 300, "ProcuredItem", 0, 50, 1.7, 0.4);
INSERT INTO Item (Id, Description, Value, Stock, Type, DiscountQuantity, OrderCosts, ProcureLeadTime, ProcureLeadTimeDeviation) VALUES (23, "Chain", 6.5, 300, "ProcuredItem", 0, 50, 1.2, 0.2);
INSERT INTO Item (Id, Description, Value, Stock, Type, DiscountQuantity, OrderCosts, ProcureLeadTime, ProcureLeadTimeDeviation) VALUES (24, "Nut 3/8 inch", 0.06, 6100, "ProcuredItem", 0, 100, 3.2, 0.3);
INSERT INTO Item (Id, Description, Value, Stock, Type, DiscountQuantity, OrderCosts, ProcureLeadTime, ProcureLeadTimeDeviation) VALUES (25, "Washer 3/8 inch", 0.06, 3600, "ProcuredItem", 0, 50, 0.9, 0.2);
INSERT INTO Item (Id, Description, Value, Stock, Type) VALUES (26, "Pedal complete", 10.5, 300, "UnfinishedProduct");
INSERT INTO Item (Id, Description, Value, Stock, Type, DiscountQuantity, OrderCosts, ProcureLeadTime, ProcureLeadTimeDeviation) VALUES (27, "Screw 3/8 inch", 0.1, 1800, "ProcuredItem", 0, 75, 0.9, 0.2);
INSERT INTO Item (Id, Description, Value, Stock, Type, DiscountQuantity, OrderCosts, ProcureLeadTime, ProcureLeadTimeDeviation) VALUES (28, "Tube 3/4 inch", 1.2, 4500, "ProcuredItem", 0, 50, 1.7, 0.4);
INSERT INTO Item (Id, Description, Value, Stock, Type) VALUES (29, "Front wheel compl.", 69.29, 100, "UnfinishedProduct");
INSERT INTO Item (Id, Description, Value, Stock, Type) VALUES (30, "Frame and wheels", 127.53, 100, "UnfinishedProduct");
INSERT INTO Item (Id, Description, Value, Stock, Type) VALUES (31, "Bicycle w/o wheels", 144.42, 100, "UnfinishedProduct");
INSERT INTO Item (Id, Description, Value, Stock, Type, DiscountQuantity, OrderCosts, ProcureLeadTime, ProcureLeadTimeDeviation) VALUES (32, "Paint", 0.75, 2700, "ProcuredItem", 0, 50, 2.1, 0.5);
INSERT INTO Item (Id, Description, Value, Stock, Type, DiscountQuantity, OrderCosts, ProcureLeadTime, ProcureLeadTimeDeviation) VALUES (33, "Rim compl.", 22, 900, "ProcuredItem", 0, 75, 1.9, 0.5);
INSERT INTO Item (Id, Description, Value, Stock, Type, DiscountQuantity, OrderCosts, ProcureLeadTime, ProcureLeadTimeDeviation) VALUES (34, "Spoke", 0.1, 22000, "ProcuredItem", 0, 50, 1.6, 0.3);
INSERT INTO Item (Id, Description, Value, Stock, Type, DiscountQuantity, OrderCosts, ProcureLeadTime, ProcureLeadTimeDeviation) VALUES (35, "Taper sleeve", 1, 3600, "ProcuredItem", 0, 75, 2.2, 0.4);
INSERT INTO Item (Id, Description, Value, Stock, Type, DiscountQuantity, OrderCosts, ProcureLeadTime, ProcureLeadTimeDeviation) VALUES (36, "Free wheel", 8, 900, "ProcuredItem", 0, 100, 1.2, 0.1);
INSERT INTO Item (Id, Description, Value, Stock, Type, DiscountQuantity, OrderCosts, ProcureLeadTime, ProcureLeadTimeDeviation) VALUES (37, "Fork", 1.5, 900, "ProcuredItem", 0, 50, 1.5, 0.3);
INSERT INTO Item (Id, Description, Value, Stock, Type, DiscountQuantity, OrderCosts, ProcureLeadTime, ProcureLeadTimeDeviation) VALUES (38, "Axle", 1.5, 300, "ProcuredItem", 0, 75, 1.7, 0.4);
INSERT INTO Item (Id, Description, Value, Stock, Type, DiscountQuantity, OrderCosts, ProcureLeadTime, ProcureLeadTimeDeviation) VALUES (39, "Sheet", 1.5, 900, "ProcuredItem", 0, 50, 1.5, 0.3);
INSERT INTO Item (Id, Description, Value, Stock, Type, DiscountQuantity, OrderCosts, ProcureLeadTime, ProcureLeadTimeDeviation) VALUES (40, "Handle Bar", 2.5, 900, "ProcuredItem", 0, 50, 1.7, 0.2);
INSERT INTO Item (Id, Description, Value, Stock, Type, DiscountQuantity, OrderCosts, ProcureLeadTime, ProcureLeadTimeDeviation) VALUES (41, "Nut 3/4 inch", 0.06, 900, "ProcuredItem", 0, 50, 0.9, 0.2);
INSERT INTO Item (Id, Description, Value, Stock, Type, DiscountQuantity, OrderCosts, ProcureLeadTime, ProcureLeadTimeDeviation) VALUES (42, "Handle Grip", 0.1, 1800, "ProcuredItem", 0, 50, 1.2, 0.3);
INSERT INTO Item (Id, Description, Value, Stock, Type, DiscountQuantity, OrderCosts, ProcureLeadTime, ProcureLeadTimeDeviation) VALUES (43, "Saddle", 5, 1900, "ProcuredItem", 0, 75, 2, 0.5);
INSERT INTO Item (Id, Description, Value, Stock, Type, DiscountQuantity, OrderCosts, ProcureLeadTime, ProcureLeadTimeDeviation) VALUES (44, "Bar 1/2 inch", 0.5, 2700, "ProcuredItem", 0, 50, 1, 0.2);
INSERT INTO Item (Id, Description, Value, Stock, Type, DiscountQuantity, OrderCosts, ProcureLeadTime, ProcureLeadTimeDeviation) VALUES (45, "Nut 1/4 inch", 0.06, 900, "ProcuredItem", 0, 50, 1.7, 0.3);
INSERT INTO Item (Id, Description, Value, Stock, Type, DiscountQuantity, OrderCosts, ProcureLeadTime, ProcureLeadTimeDeviation) VALUES (46, "Screw 1/4 inch", 0.1, 900, "ProcuredItem", 0, 50, 0.9, 0.3);
INSERT INTO Item (Id, Description, Value, Stock, Type, DiscountQuantity, OrderCosts, ProcureLeadTime, ProcureLeadTimeDeviation) VALUES (47, "Sprocket", 3.5, 900, "ProcuredItem", 0, 50, 1.41, 0.1);
INSERT INTO Item (Id, Description, Value, Stock, Type, DiscountQuantity, OrderCosts, ProcureLeadTime, ProcureLeadTimeDeviation) VALUES (48, "Pedal", 1.5, 1800, "ProcuredItem", 0, 75, 1, 0.2);
INSERT INTO Item (Id, Description, Value, Stock, Type) VALUES (49, "Front wheel complete", 64.64, 100, "UnfinishedProduct");
INSERT INTO Item (Id, Description, Value, Stock, Type) VALUES (50, "Frame and wheels", 120.63, 100, "UnfinishedProduct");
INSERT INTO Item (Id, Description, Value, Stock, Type) VALUES (51, "Bicycle w/o pedals", 137.47, 100, "UnfinishedProduct");
INSERT INTO Item (Id, Description, Value, Stock, Type, DiscountQuantity, OrderCosts, ProcureLeadTime, ProcureLeadTimeDeviation) VALUES (52, "Rim compl.", 22, 600, "ProcuredItem", 0, 50, 1.6, 0.4);
INSERT INTO Item (Id, Description, Value, Stock, Type, DiscountQuantity, OrderCosts, ProcureLeadTime, ProcureLeadTimeDeviation) VALUES (53, "Spoke", 0.1, 22000, "ProcuredItem", 0, 50, 1.6, 0.2);
INSERT INTO Item (Id, Description, Value, Stock, Type) VALUES (54, "Front wheel compl.", 68.09, 100, "UnfinishedProduct");
INSERT INTO Item (Id, Description, Value, Stock, Type) VALUES (55, "Frame and wheels", 125.33, 100, "UnfinishedProduct");
INSERT INTO Item (Id, Description, Value, Stock, Type) VALUES (56, "Bicycle w/o pedals", 142.67, 100, "UnfinishedProduct");
INSERT INTO Item (Id, Description, Value, Stock, Type, DiscountQuantity, OrderCosts, ProcureLeadTime, ProcureLeadTimeDeviation) VALUES (57, "Rim compl.", 22, 600, "ProcuredItem", 0, 50, 1.7, 0.3);
INSERT INTO Item (Id, Description, Value, Stock, Type, DiscountQuantity, OrderCosts, ProcureLeadTime, ProcureLeadTimeDeviation) VALUES (58, "Spoke", 0.1, 22000, "ProcuredItem", 0, 50, 1.6, 0.5);
INSERT INTO Item (Id, Description, Value, Stock, Type, DiscountQuantity, OrderCosts, ProcureLeadTime, ProcureLeadTimeDeviation) VALUES (59, "Welding wires", 0.15, 1800, "ProcuredItem", 0, 50, 0.7, 0.2);
INSERT INTO ChildToProduct (Child_id, Product_Id, Quantity) VALUES (4, 50, 1);
INSERT INTO ChildToProduct (Child_id, Product_Id, Quantity) VALUES (5, 55, 1);
INSERT INTO ChildToProduct (Child_id, Product_Id, Quantity) VALUES (6, 30, 1);
INSERT INTO ChildToProduct (Child_id, Product_Id, Quantity) VALUES (7, 49, 1);
INSERT INTO ChildToProduct (Child_id, Product_Id, Quantity) VALUES (8, 54, 1);
INSERT INTO ChildToProduct (Child_id, Product_Id, Quantity) VALUES (9, 29, 1);
INSERT INTO ChildToProduct (Child_id, Product_Id, Quantity) VALUES (10, 50, 1);
INSERT INTO ChildToProduct (Child_id, Product_Id, Quantity) VALUES (11, 55, 1);
INSERT INTO ChildToProduct (Child_id, Product_Id, Quantity) VALUES (12, 30, 1);
INSERT INTO ChildToProduct (Child_id, Product_Id, Quantity) VALUES (13, 49, 1);
INSERT INTO ChildToProduct (Child_id, Product_Id, Quantity) VALUES (14, 54, 1);
INSERT INTO ChildToProduct (Child_id, Product_Id, Quantity) VALUES (15, 29, 1);
INSERT INTO ChildToProduct (Child_id, Product_Id, Quantity) VALUES (16, 31, 1);
INSERT INTO ChildToProduct (Child_id, Product_Id, Quantity) VALUES (16, 51, 1);
INSERT INTO ChildToProduct (Child_id, Product_Id, Quantity) VALUES (16, 56, 1);
INSERT INTO ChildToProduct (Child_id, Product_Id, Quantity) VALUES (17, 31, 1);
INSERT INTO ChildToProduct (Child_id, Product_Id, Quantity) VALUES (17, 51, 1);
INSERT INTO ChildToProduct (Child_id, Product_Id, Quantity) VALUES (17, 56, 1);
INSERT INTO ChildToProduct (Child_id, Product_Id, Quantity) VALUES (18, 49, 1);
INSERT INTO ChildToProduct (Child_id, Product_Id, Quantity) VALUES (19, 54, 1);
INSERT INTO ChildToProduct (Child_id, Product_Id, Quantity) VALUES (20, 29, 1);
INSERT INTO ChildToProduct (Child_id, Product_Id, Quantity) VALUES (21, 1, 1);
INSERT INTO ChildToProduct (Child_id, Product_Id, Quantity) VALUES (22, 2, 1);
INSERT INTO ChildToProduct (Child_id, Product_Id, Quantity) VALUES (23, 3, 1);
INSERT INTO ChildToProduct (Child_id, Product_Id, Quantity) VALUES (24, 1, 1);
INSERT INTO ChildToProduct (Child_id, Product_Id, Quantity) VALUES (24, 2, 1);
INSERT INTO ChildToProduct (Child_id, Product_Id, Quantity) VALUES (24, 3, 1);
INSERT INTO ChildToProduct (Child_id, Product_Id, Quantity) VALUES (24, 16, 1);
INSERT INTO ChildToProduct (Child_id, Product_Id, Quantity) VALUES (24, 29, 2);
INSERT INTO ChildToProduct (Child_id, Product_Id, Quantity) VALUES (24, 30, 2);
INSERT INTO ChildToProduct (Child_id, Product_Id, Quantity) VALUES (24, 31, 1);
INSERT INTO ChildToProduct (Child_id, Product_Id, Quantity) VALUES (24, 49, 2);
INSERT INTO ChildToProduct (Child_id, Product_Id, Quantity) VALUES (24, 50, 2);
INSERT INTO ChildToProduct (Child_id, Product_Id, Quantity) VALUES (24, 51, 1);
INSERT INTO ChildToProduct (Child_id, Product_Id, Quantity) VALUES (24, 54, 2);
INSERT INTO ChildToProduct (Child_id, Product_Id, Quantity) VALUES (24, 55, 2);
INSERT INTO ChildToProduct (Child_id, Product_Id, Quantity) VALUES (24, 56, 1);
INSERT INTO ChildToProduct (Child_id, Product_Id, Quantity) VALUES (25, 29, 2);
INSERT INTO ChildToProduct (Child_id, Product_Id, Quantity) VALUES (25, 30, 2);
INSERT INTO ChildToProduct (Child_id, Product_Id, Quantity) VALUES (25, 49, 2);
INSERT INTO ChildToProduct (Child_id, Product_Id, Quantity) VALUES (25, 50, 2);
INSERT INTO ChildToProduct (Child_id, Product_Id, Quantity) VALUES (25, 54, 2);
INSERT INTO ChildToProduct (Child_id, Product_Id, Quantity) VALUES (25, 55, 2);
INSERT INTO ChildToProduct (Child_id, Product_Id, Quantity) VALUES (26, 1, 1);
INSERT INTO ChildToProduct (Child_id, Product_Id, Quantity) VALUES (26, 2, 1);
INSERT INTO ChildToProduct (Child_id, Product_Id, Quantity) VALUES (26, 3, 1);
INSERT INTO ChildToProduct (Child_id, Product_Id, Quantity) VALUES (27, 1, 1);
INSERT INTO ChildToProduct (Child_id, Product_Id, Quantity) VALUES (27, 2, 1);
INSERT INTO ChildToProduct (Child_id, Product_Id, Quantity) VALUES (27, 3, 1);
INSERT INTO ChildToProduct (Child_id, Product_Id, Quantity) VALUES (27, 31, 1);
INSERT INTO ChildToProduct (Child_id, Product_Id, Quantity) VALUES (27, 51, 1);
INSERT INTO ChildToProduct (Child_id, Product_Id, Quantity) VALUES (27, 56, 1);
INSERT INTO ChildToProduct (Child_id, Product_Id, Quantity) VALUES (28, 16, 1);
INSERT INTO ChildToProduct (Child_id, Product_Id, Quantity) VALUES (28, 18, 3);
INSERT INTO ChildToProduct (Child_id, Product_Id, Quantity) VALUES (28, 19, 4);
INSERT INTO ChildToProduct (Child_id, Product_Id, Quantity) VALUES (28, 20, 5);
INSERT INTO ChildToProduct (Child_id, Product_Id, Quantity) VALUES (29, 30, 1);
INSERT INTO ChildToProduct (Child_id, Product_Id, Quantity) VALUES (30, 31, 1);
INSERT INTO ChildToProduct (Child_id, Product_Id, Quantity) VALUES (31, 3, 1);
INSERT INTO ChildToProduct (Child_id, Product_Id, Quantity) VALUES (32, 10, 1);
INSERT INTO ChildToProduct (Child_id, Product_Id, Quantity) VALUES (32, 11, 1);
INSERT INTO ChildToProduct (Child_id, Product_Id, Quantity) VALUES (32, 12, 1);
INSERT INTO ChildToProduct (Child_id, Product_Id, Quantity) VALUES (32, 13, 1);
INSERT INTO ChildToProduct (Child_id, Product_Id, Quantity) VALUES (32, 14, 1);
INSERT INTO ChildToProduct (Child_id, Product_Id, Quantity) VALUES (32, 15, 1);
INSERT INTO ChildToProduct (Child_id, Product_Id, Quantity) VALUES (32, 18, 1);
INSERT INTO ChildToProduct (Child_id, Product_Id, Quantity) VALUES (32, 19, 1);
INSERT INTO ChildToProduct (Child_id, Product_Id, Quantity) VALUES (32, 20, 1);
INSERT INTO ChildToProduct (Child_id, Product_Id, Quantity) VALUES (33, 6, 1);
INSERT INTO ChildToProduct (Child_id, Product_Id, Quantity) VALUES (33, 9, 1);
INSERT INTO ChildToProduct (Child_id, Product_Id, Quantity) VALUES (34, 6, 36);
INSERT INTO ChildToProduct (Child_id, Product_Id, Quantity) VALUES (34, 9, 36);
INSERT INTO ChildToProduct (Child_id, Product_Id, Quantity) VALUES (35, 4, 2);
INSERT INTO ChildToProduct (Child_id, Product_Id, Quantity) VALUES (35, 5, 2);
INSERT INTO ChildToProduct (Child_id, Product_Id, Quantity) VALUES (35, 6, 2);
INSERT INTO ChildToProduct (Child_id, Product_Id, Quantity) VALUES (35, 7, 2);
INSERT INTO ChildToProduct (Child_id, Product_Id, Quantity) VALUES (35, 8, 2);
INSERT INTO ChildToProduct (Child_id, Product_Id, Quantity) VALUES (35, 9, 2);
INSERT INTO ChildToProduct (Child_id, Product_Id, Quantity) VALUES (36, 4, 1);
INSERT INTO ChildToProduct (Child_id, Product_Id, Quantity) VALUES (36, 5, 1);
INSERT INTO ChildToProduct (Child_id, Product_Id, Quantity) VALUES (36, 6, 1);
INSERT INTO ChildToProduct (Child_id, Product_Id, Quantity) VALUES (37, 7, 1);
INSERT INTO ChildToProduct (Child_id, Product_Id, Quantity) VALUES (37, 8, 1);
INSERT INTO ChildToProduct (Child_id, Product_Id, Quantity) VALUES (37, 9, 1);
INSERT INTO ChildToProduct (Child_id, Product_Id, Quantity) VALUES (38, 7, 1);
INSERT INTO ChildToProduct (Child_id, Product_Id, Quantity) VALUES (38, 8, 1);
INSERT INTO ChildToProduct (Child_id, Product_Id, Quantity) VALUES (38, 9, 1);
INSERT INTO ChildToProduct (Child_id, Product_Id, Quantity) VALUES (39, 10, 1);
INSERT INTO ChildToProduct (Child_id, Product_Id, Quantity) VALUES (39, 11, 1);
INSERT INTO ChildToProduct (Child_id, Product_Id, Quantity) VALUES (39, 12, 1);
INSERT INTO ChildToProduct (Child_id, Product_Id, Quantity) VALUES (39, 13, 1);
INSERT INTO ChildToProduct (Child_id, Product_Id, Quantity) VALUES (39, 14, 1);
INSERT INTO ChildToProduct (Child_id, Product_Id, Quantity) VALUES (39, 15, 1);
INSERT INTO ChildToProduct (Child_id, Product_Id, Quantity) VALUES (40, 16, 1);
INSERT INTO ChildToProduct (Child_id, Product_Id, Quantity) VALUES (41, 16, 1);
INSERT INTO ChildToProduct (Child_id, Product_Id, Quantity) VALUES (42, 16, 2);
INSERT INTO ChildToProduct (Child_id, Product_Id, Quantity) VALUES (43, 17, 1);
INSERT INTO ChildToProduct (Child_id, Product_Id, Quantity) VALUES (44, 17, 1);
INSERT INTO ChildToProduct (Child_id, Product_Id, Quantity) VALUES (44, 26, 2);
INSERT INTO ChildToProduct (Child_id, Product_Id, Quantity) VALUES (45, 17, 1);
INSERT INTO ChildToProduct (Child_id, Product_Id, Quantity) VALUES (46, 17, 1);
INSERT INTO ChildToProduct (Child_id, Product_Id, Quantity) VALUES (47, 26, 1);
INSERT INTO ChildToProduct (Child_id, Product_Id, Quantity) VALUES (48, 26, 2);
INSERT INTO ChildToProduct (Child_id, Product_Id, Quantity) VALUES (49, 50, 1);
INSERT INTO ChildToProduct (Child_id, Product_Id, Quantity) VALUES (50, 51, 1);
INSERT INTO ChildToProduct (Child_id, Product_Id, Quantity) VALUES (51, 1, 1);
INSERT INTO ChildToProduct (Child_id, Product_Id, Quantity) VALUES (52, 4, 1);
INSERT INTO ChildToProduct (Child_id, Product_Id, Quantity) VALUES (52, 7, 1);
INSERT INTO ChildToProduct (Child_id, Product_Id, Quantity) VALUES (53, 4, 36);
INSERT INTO ChildToProduct (Child_id, Product_Id, Quantity) VALUES (53, 7, 36);
INSERT INTO ChildToProduct (Child_id, Product_Id, Quantity) VALUES (54, 55, 1);
INSERT INTO ChildToProduct (Child_id, Product_Id, Quantity) VALUES (55, 56, 1);
INSERT INTO ChildToProduct (Child_id, Product_Id, Quantity) VALUES (56, 2, 1);
INSERT INTO ChildToProduct (Child_id, Product_Id, Quantity) VALUES (57, 5, 1);
INSERT INTO ChildToProduct (Child_id, Product_Id, Quantity) VALUES (57, 8, 1);
INSERT INTO ChildToProduct (Child_id, Product_Id, Quantity) VALUES (58, 5, 36);
INSERT INTO ChildToProduct (Child_id, Product_Id, Quantity) VALUES (58, 8, 36);
INSERT INTO ChildToProduct (Child_id, Product_Id, Quantity) VALUES (59, 18, 2);
INSERT INTO ChildToProduct (Child_id, Product_Id, Quantity) VALUES (59, 19, 2);
INSERT INTO ChildToProduct (Child_id, Product_Id, Quantity) VALUES (59, 20, 2);
INSERT INTO Workplace (Id, LaborCostsFirstShift, LaborCostsSecondShift, LaborCostsThirdShift,LaborCostsOvertime) VALUES (1, 0.45, 0.55, 0.70, 0.90);
INSERT INTO Workplace (Id, LaborCostsFirstShift, LaborCostsSecondShift, LaborCostsThirdShift,LaborCostsOvertime) VALUES (2, 0.45, 0.55, 0.70, 0.90);
INSERT INTO Workplace (Id, LaborCostsFirstShift, LaborCostsSecondShift, LaborCostsThirdShift,LaborCostsOvertime) VALUES (3, 0.45, 0.55, 0.70, 0.90);
INSERT INTO Workplace (Id, LaborCostsFirstShift, LaborCostsSecondShift, LaborCostsThirdShift,LaborCostsOvertime) VALUES (4, 0.45, 0.55, 0.70, 0.90);
INSERT INTO Workplace (Id, LaborCostsFirstShift, LaborCostsSecondShift, LaborCostsThirdShift,LaborCostsOvertime) VALUES (6, 0.45, 0.55, 0.70, 0.90);
INSERT INTO Workplace (Id, LaborCostsFirstShift, LaborCostsSecondShift, LaborCostsThirdShift,LaborCostsOvertime) VALUES (7, 0.45, 0.55, 0.70, 0.90);
INSERT INTO Workplace (Id, LaborCostsFirstShift, LaborCostsSecondShift, LaborCostsThirdShift,LaborCostsOvertime) VALUES (8, 0.45, 0.55, 0.70, 0.90);
INSERT INTO Workplace (Id, LaborCostsFirstShift, LaborCostsSecondShift, LaborCostsThirdShift,LaborCostsOvertime) VALUES (9, 0.45, 0.55, 0.70, 0.90);
INSERT INTO Workplace (Id, LaborCostsFirstShift, LaborCostsSecondShift, LaborCostsThirdShift,LaborCostsOvertime) VALUES (10, 0.45, 0.55, 0.70, 0.90);
INSERT INTO Workplace (Id, LaborCostsFirstShift, LaborCostsSecondShift, LaborCostsThirdShift,LaborCostsOvertime) VALUES (11, 0.45, 0.55, 0.70, 0.90);
INSERT INTO Workplace (Id, LaborCostsFirstShift, LaborCostsSecondShift, LaborCostsThirdShift,LaborCostsOvertime) VALUES (12, 0.45, 0.55, 0.70, 0.90);
INSERT INTO Workplace (Id, LaborCostsFirstShift, LaborCostsSecondShift, LaborCostsThirdShift,LaborCostsOvertime) VALUES (13, 0.45, 0.55, 0.70, 0.90);
INSERT INTO Workplace (Id, LaborCostsFirstShift, LaborCostsSecondShift, LaborCostsThirdShift,LaborCostsOvertime) VALUES (14, 0.45, 0.55, 0.70, 0.90);
INSERT INTO Workplace (Id, LaborCostsFirstShift, LaborCostsSecondShift, LaborCostsThirdShift,LaborCostsOvertime) VALUES (15, 0.45, 0.55, 0.70, 0.90);
INSERT INTO ItemJob (Id, Workplace_Id, Product_Id, SetupTime, ProductionTimePerPiece) VALUES (1, 1, 29, 20, 6);
INSERT INTO ItemJob (Id, Workplace_Id, Product_Id, SetupTime, ProductionTimePerPiece) VALUES (2, 1, 49, 20, 6);
INSERT INTO ItemJob (Id, Workplace_Id, Product_Id, SetupTime, ProductionTimePerPiece) VALUES (3, 1, 54, 20, 6);
INSERT INTO ItemJob (Id, Workplace_Id, Product_Id, SetupTime, ProductionTimePerPiece) VALUES (4, 2, 30, 20, 5);
INSERT INTO ItemJob (Id, Workplace_Id, Product_Id, SetupTime, ProductionTimePerPiece) VALUES (5, 2, 50, 30, 5);
INSERT INTO ItemJob (Id, Workplace_Id, Product_Id, SetupTime, ProductionTimePerPiece) VALUES (6, 2, 55, 30, 5);
INSERT INTO ItemJob (Id, Workplace_Id, Product_Id, SetupTime, ProductionTimePerPiece) VALUES (7, 3, 31, 20, 6);
INSERT INTO ItemJob (Id, Workplace_Id, Product_Id, SetupTime, ProductionTimePerPiece) VALUES (8, 3, 51, 20, 5);
INSERT INTO ItemJob (Id, Workplace_Id, Product_Id, SetupTime, ProductionTimePerPiece) VALUES (9, 3, 56, 20, 6);
INSERT INTO ItemJob (Id, Workplace_Id, Product_Id, SetupTime, ProductionTimePerPiece) VALUES (10, 4, 1, 30, 6);
INSERT INTO ItemJob (Id, Workplace_Id, Product_Id, SetupTime, ProductionTimePerPiece) VALUES (11, 4, 2, 20, 7);
INSERT INTO ItemJob (Id, Workplace_Id, Product_Id, SetupTime, ProductionTimePerPiece) VALUES (12, 4, 3, 30, 7);
INSERT INTO ItemJob (Id, Workplace_Id, Product_Id, NextItemJob_Id, SetupTime, ProductionTimePerPiece) VALUES (13, 6, 16, 70, 15, 2);
INSERT INTO ItemJob (Id, Workplace_Id, Product_Id, NextItemJob_Id, SetupTime, ProductionTimePerPiece) VALUES (14, 6, 18, 34, 15, 3);
INSERT INTO ItemJob (Id, Workplace_Id, Product_Id, NextItemJob_Id, SetupTime, ProductionTimePerPiece) VALUES (15, 6, 19, 35, 15, 3);
INSERT INTO ItemJob (Id, Workplace_Id, Product_Id, NextItemJob_Id, SetupTime, ProductionTimePerPiece) VALUES (16, 6, 20, 36, 15, 3);
INSERT INTO ItemJob (Id, Workplace_Id, Product_Id, NextItemJob_Id, SetupTime, ProductionTimePerPiece) VALUES (17, 7, 10, 37, 20, 2);
INSERT INTO ItemJob (Id, Workplace_Id, Product_Id, NextItemJob_Id, SetupTime, ProductionTimePerPiece) VALUES (18, 7, 11, 38, 20, 2);
INSERT INTO ItemJob (Id, Workplace_Id, Product_Id, NextItemJob_Id, SetupTime, ProductionTimePerPiece) VALUES (19, 7, 12, 39, 20, 2);
INSERT INTO ItemJob (Id, Workplace_Id, Product_Id, NextItemJob_Id, SetupTime, ProductionTimePerPiece) VALUES (20, 7, 13, 40, 20, 2);
INSERT INTO ItemJob (Id, Workplace_Id, Product_Id, NextItemJob_Id, SetupTime, ProductionTimePerPiece) VALUES (21, 7, 14, 41, 20, 2);
INSERT INTO ItemJob (Id, Workplace_Id, Product_Id, NextItemJob_Id, SetupTime, ProductionTimePerPiece) VALUES (22, 7, 15, 42, 20, 2);
INSERT INTO ItemJob (Id, Workplace_Id, Product_Id, NextItemJob_Id, SetupTime, ProductionTimePerPiece) VALUES (23, 7, 18, 43, 20, 2);
INSERT INTO ItemJob (Id, Workplace_Id, Product_Id, NextItemJob_Id, SetupTime, ProductionTimePerPiece) VALUES (24, 7, 19, 44, 20, 2);
INSERT INTO ItemJob (Id, Workplace_Id, Product_Id, NextItemJob_Id, SetupTime, ProductionTimePerPiece) VALUES (25, 7, 20, 45, 20, 2);
INSERT INTO ItemJob (Id, Workplace_Id, Product_Id, NextItemJob_Id, SetupTime, ProductionTimePerPiece) VALUES (26, 7, 26, 72, 30, 2);
INSERT INTO ItemJob (Id, Workplace_Id, Product_Id, NextItemJob_Id, SetupTime, ProductionTimePerPiece) VALUES (28, 8, 10, 17, 15, 1);
INSERT INTO ItemJob (Id, Workplace_Id, Product_Id, NextItemJob_Id, SetupTime, ProductionTimePerPiece) VALUES (29, 8, 11, 18, 15, 2);
INSERT INTO ItemJob (Id, Workplace_Id, Product_Id, NextItemJob_Id, SetupTime, ProductionTimePerPiece) VALUES (30, 8, 12, 19, 15, 2);
INSERT INTO ItemJob (Id, Workplace_Id, Product_Id, NextItemJob_Id, SetupTime, ProductionTimePerPiece) VALUES (31, 8, 13, 20, 15, 1);
INSERT INTO ItemJob (Id, Workplace_Id, Product_Id, NextItemJob_Id, SetupTime, ProductionTimePerPiece) VALUES (32, 8, 14, 21, 15, 2);
INSERT INTO ItemJob (Id, Workplace_Id, Product_Id, NextItemJob_Id, SetupTime, ProductionTimePerPiece) VALUES (33, 8, 15, 22, 15, 2);
INSERT INTO ItemJob (Id, Workplace_Id, Product_Id, NextItemJob_Id, SetupTime, ProductionTimePerPiece) VALUES (34, 8, 18, 23, 20, 3);
INSERT INTO ItemJob (Id, Workplace_Id, Product_Id, NextItemJob_Id, SetupTime, ProductionTimePerPiece) VALUES (35, 8, 19, 24, 25, 3);
INSERT INTO ItemJob (Id, Workplace_Id, Product_Id, NextItemJob_Id, SetupTime, ProductionTimePerPiece) VALUES (36, 8, 20, 25, 20, 3);
INSERT INTO ItemJob (Id, Workplace_Id, Product_Id, SetupTime, ProductionTimePerPiece) VALUES (37, 9, 10, 15, 3);
INSERT INTO ItemJob (Id, Workplace_Id, Product_Id, SetupTime, ProductionTimePerPiece) VALUES (38, 9, 11, 15, 3);
INSERT INTO ItemJob (Id, Workplace_Id, Product_Id, SetupTime, ProductionTimePerPiece) VALUES (39, 9, 12, 15, 3);
INSERT INTO ItemJob (Id, Workplace_Id, Product_Id, SetupTime, ProductionTimePerPiece) VALUES (40, 9, 13, 15, 3);
INSERT INTO ItemJob (Id, Workplace_Id, Product_Id, SetupTime, ProductionTimePerPiece) VALUES (41, 9, 14, 15, 3);
INSERT INTO ItemJob (Id, Workplace_Id, Product_Id, SetupTime, ProductionTimePerPiece) VALUES (42, 9, 15, 15, 3);
INSERT INTO ItemJob (Id, Workplace_Id, Product_Id, SetupTime, ProductionTimePerPiece) VALUES (43, 9, 18, 15, 2);
INSERT INTO ItemJob (Id, Workplace_Id, Product_Id, SetupTime, ProductionTimePerPiece) VALUES (44, 9, 19, 20, 2);
INSERT INTO ItemJob (Id, Workplace_Id, Product_Id, SetupTime, ProductionTimePerPiece) VALUES (45, 9, 20, 15, 2);
INSERT INTO ItemJob (Id, Workplace_Id, Product_Id, NextItemJob_Id, SetupTime, ProductionTimePerPiece) VALUES (46, 10, 4, 52, 20, 4);
INSERT INTO ItemJob (Id, Workplace_Id, Product_Id, NextItemJob_Id, SetupTime, ProductionTimePerPiece) VALUES (47, 10, 5, 53, 20, 4);
INSERT INTO ItemJob (Id, Workplace_Id, Product_Id, NextItemJob_Id, SetupTime, ProductionTimePerPiece) VALUES (48, 10, 6, 54, 20, 4);
INSERT INTO ItemJob (Id, Workplace_Id, Product_Id, NextItemJob_Id, SetupTime, ProductionTimePerPiece) VALUES (49, 10, 7, 55, 20, 4);
INSERT INTO ItemJob (Id, Workplace_Id, Product_Id, NextItemJob_Id, SetupTime, ProductionTimePerPiece) VALUES (50, 10, 8, 56, 20, 4);
INSERT INTO ItemJob (Id, Workplace_Id, Product_Id, NextItemJob_Id, SetupTime, ProductionTimePerPiece) VALUES (51, 10, 9, 57, 20, 4);
INSERT INTO ItemJob (Id, Workplace_Id, Product_Id, SetupTime, ProductionTimePerPiece) VALUES (52, 11, 4, 10, 3);
INSERT INTO ItemJob (Id, Workplace_Id, Product_Id, SetupTime, ProductionTimePerPiece) VALUES (53, 11, 5, 10, 3);
INSERT INTO ItemJob (Id, Workplace_Id, Product_Id, SetupTime, ProductionTimePerPiece) VALUES (54, 11, 6, 20, 3);
INSERT INTO ItemJob (Id, Workplace_Id, Product_Id, SetupTime, ProductionTimePerPiece) VALUES (55, 11, 7, 10, 3);
INSERT INTO ItemJob (Id, Workplace_Id, Product_Id, SetupTime, ProductionTimePerPiece) VALUES (56, 11, 8, 10, 3);
INSERT INTO ItemJob (Id, Workplace_Id, Product_Id, SetupTime, ProductionTimePerPiece) VALUES (57, 11, 9, 20, 3);
INSERT INTO ItemJob (Id, Workplace_Id, Product_Id, NextItemJob_Id, SetupTime, ProductionTimePerPiece) VALUES (58, 12, 10, 28, 0, 3);
INSERT INTO ItemJob (Id, Workplace_Id, Product_Id, NextItemJob_Id, SetupTime, ProductionTimePerPiece) VALUES (59, 12, 11, 29, 0, 3);
INSERT INTO ItemJob (Id, Workplace_Id, Product_Id, NextItemJob_Id, SetupTime, ProductionTimePerPiece) VALUES (60, 12, 12, 30, 0, 3);
INSERT INTO ItemJob (Id, Workplace_Id, Product_Id, NextItemJob_Id, SetupTime, ProductionTimePerPiece) VALUES (61, 12, 13, 31, 0, 3);
INSERT INTO ItemJob (Id, Workplace_Id, Product_Id, NextItemJob_Id, SetupTime, ProductionTimePerPiece) VALUES (62, 12, 14, 32, 0, 3);
INSERT INTO ItemJob (Id, Workplace_Id, Product_Id, NextItemJob_Id, SetupTime, ProductionTimePerPiece) VALUES (63, 12, 15, 33, 0, 3);
INSERT INTO ItemJob (Id, Workplace_Id, Product_Id, NextItemJob_Id, SetupTime, ProductionTimePerPiece) VALUES (64, 13, 10, 58, 0, 2);
INSERT INTO ItemJob (Id, Workplace_Id, Product_Id, NextItemJob_Id, SetupTime, ProductionTimePerPiece) VALUES (65, 13, 11, 59, 0, 2);
INSERT INTO ItemJob (Id, Workplace_Id, Product_Id, NextItemJob_Id, SetupTime, ProductionTimePerPiece) VALUES (66, 13, 12, 60, 0, 2);
INSERT INTO ItemJob (Id, Workplace_Id, Product_Id, NextItemJob_Id, SetupTime, ProductionTimePerPiece) VALUES (67, 13, 13, 61, 0, 2);
INSERT INTO ItemJob (Id, Workplace_Id, Product_Id, NextItemJob_Id, SetupTime, ProductionTimePerPiece) VALUES (68, 13, 14, 62, 0, 2);
INSERT INTO ItemJob (Id, Workplace_Id, Product_Id, NextItemJob_Id, SetupTime, ProductionTimePerPiece) VALUES (69, 13, 15, 63, 0, 2);
INSERT INTO ItemJob (Id, Workplace_Id, Product_Id, SetupTime, ProductionTimePerPiece) VALUES (70, 14, 16, 0, 3);
INSERT INTO ItemJob (Id, Workplace_Id, Product_Id, SetupTime, ProductionTimePerPiece) VALUES (71, 15, 17, 15, 3);
INSERT INTO ItemJob (Id, Workplace_Id, Product_Id, SetupTime, ProductionTimePerPiece) VALUES (72, 15, 26, 15, 3);
